,F1 score,Model
0,0.6535889436484488,BERTopic
1,0.6770443488479112,GuidedBERTopic
2,0.45791818841946696,GuidedLDA
3,0.7412953462851314,LDA
4,0.61,Lbl2Vec
5,0.2,Random
